Source,Target,Type,Id,Label,timeset,Weight
n0,n1,Directed,0,,,2
n0,n2,Directed,1,,,2
n0,n3,Directed,2,,,2
n0,n4,Directed,3,,,2
n0,n5,Directed,4,,,2
n0,n9,Directed,5,,,2
n0,n10,Directed,6,,,2
n0,n11,Directed,7,,,2
n1,n0,Directed,8,,,2
n1,n2,Directed,9,,,2
n1,n3,Directed,10,,,2
n1,n4,Directed,11,,,2
n1,n5,Directed,12,,,2
n1,n7,Directed,13,,,2
n1,n9,Directed,14,,,2
n1,n10,Directed,15,,,2
n1,n11,Directed,16,,,2
n1,n14,Directed,17,,,2
n2,n0,Directed,18,,,2
n2,n1,Directed,19,,,2
n2,n3,Directed,20,,,2
n2,n4,Directed,21,,,2
n2,n5,Directed,22,,,2
n2,n6,Directed,23,,,2
n2,n7,Directed,24,,,2
n2,n9,Directed,25,,,2
n2,n10,Directed,26,,,2
n2,n11,Directed,27,,,2
n2,n12,Directed,28,,,2
n2,n13,Directed,29,,,2
n2,n14,Directed,30,,,2
n2,n16,Directed,31,,,2
n2,n17,Directed,32,,,2
n2,n40,Directed,33,,,2
n2,n41,Directed,34,,,2
n2,n42,Directed,35,,,2
n3,n0,Directed,36,,,2
n3,n1,Directed,37,,,2
n3,n2,Directed,38,,,2
n3,n4,Directed,39,,,2
n3,n5,Directed,40,,,2
n3,n7,Directed,41,,,2
n3,n9,Directed,42,,,2
n3,n10,Directed,43,,,2
n3,n11,Directed,44,,,2
n3,n15,Directed,45,,,2
n3,n16,Directed,46,,,2
n3,n17,Directed,47,,,2
n3,n58,Directed,48,,,2
n3,n59,Directed,49,,,2
n4,n0,Directed,50,,,2
n4,n1,Directed,51,,,2
n4,n2,Directed,52,,,2
n4,n3,Directed,53,,,2
n4,n6,Directed,54,,,2
n4,n8,Directed,55,,,2
n4,n9,Directed,56,,,2
n4,n11,Directed,57,,,2
n4,n14,Directed,58,,,2
n4,n15,Directed,59,,,2
n4,n16,Directed,60,,,2
n4,n17,Directed,61,,,2
n4,n50,Directed,62,,,2
n4,n51,Directed,63,,,2
n4,n58,Directed,64,,,2
n4,n59,Directed,65,,,2
n5,n0,Directed,66,,,2
n5,n1,Directed,67,,,2
n5,n2,Directed,68,,,2
n5,n3,Directed,69,,,2
n5,n4,Directed,70,,,2
n5,n6,Directed,71,,,2
n5,n9,Directed,72,,,2
n5,n12,Directed,73,,,2
n5,n13,Directed,74,,,2
n5,n15,Directed,75,,,2
n5,n16,Directed,76,,,2
n5,n17,Directed,77,,,2
n5,n58,Directed,78,,,2
n5,n59,Directed,79,,,2
n6,n1,Directed,80,,,2
n6,n2,Directed,81,,,2
n6,n4,Directed,82,,,2
n6,n5,Directed,83,,,2
n6,n15,Directed,84,,,2
n6,n50,Directed,85,,,2
n6,n51,Directed,86,,,2
n6,n58,Directed,87,,,2
n6,n59,Directed,88,,,2
n7,n0,Directed,89,,,2
n7,n1,Directed,90,,,2
n7,n2,Directed,91,,,2
n7,n3,Directed,92,,,2
n7,n4,Directed,93,,,2
n7,n6,Directed,94,,,2
n7,n8,Directed,95,,,2
n7,n10,Directed,96,,,2
n7,n11,Directed,97,,,2
n8,n2,Directed,98,,,2
n8,n4,Directed,99,,,2
n8,n6,Directed,100,,,2
n8,n7,Directed,101,,,2
n8,n10,Directed,102,,,2
n8,n15,Directed,103,,,2
n9,n0,Directed,104,,,2
n9,n1,Directed,105,,,2
n9,n2,Directed,106,,,2
n9,n3,Directed,107,,,2
n9,n5,Directed,108,,,2
n9,n10,Directed,109,,,2
n9,n11,Directed,110,,,2
n9,n14,Directed,111,,,2
n9,n15,Directed,112,,,2
n9,n17,Directed,113,,,2
n9,n26,Directed,114,,,2
n10,n0,Directed,115,,,2
n10,n1,Directed,116,,,2
n10,n2,Directed,117,,,2
n10,n3,Directed,118,,,2
n10,n8,Directed,119,,,2
n10,n9,Directed,120,,,2
n10,n11,Directed,121,,,2
n10,n14,Directed,122,,,2
n10,n17,Directed,123,,,2
n10,n26,Directed,124,,,2
n11,n0,Directed,125,,,2
n11,n1,Directed,126,,,2
n11,n2,Directed,127,,,2
n11,n3,Directed,128,,,2
n11,n4,Directed,129,,,2
n11,n7,Directed,130,,,2
n11,n9,Directed,131,,,2
n11,n10,Directed,132,,,2
n11,n12,Directed,133,,,2
n11,n14,Directed,134,,,2
n11,n15,Directed,135,,,2
n11,n16,Directed,136,,,2
n11,n17,Directed,137,,,2
n11,n21,Directed,138,,,2
n11,n22,Directed,139,,,2
n11,n26,Directed,140,,,2
n11,n36,Directed,141,,,2
n11,n38,Directed,142,,,2
n11,n40,Directed,143,,,2
n11,n47,Directed,144,,,2
n11,n48,Directed,145,,,2
n11,n50,Directed,146,,,2
n11,n51,Directed,147,,,2
n11,n52,Directed,148,,,2
n11,n53,Directed,149,,,2
n11,n55,Directed,150,,,2
n11,n58,Directed,151,,,2
n11,n59,Directed,152,,,2
n11,n60,Directed,153,,,2
n11,n61,Directed,154,,,2
n11,n62,Directed,155,,,2
n11,n64,Directed,156,,,2
n12,n2,Directed,157,,,2
n12,n5,Directed,158,,,2
n12,n11,Directed,159,,,2
n12,n15,Directed,160,,,2
n12,n16,Directed,161,,,2
n12,n17,Directed,162,,,2
n12,n21,Directed,163,,,2
n12,n22,Directed,164,,,2
n12,n26,Directed,165,,,2
n12,n36,Directed,166,,,2
n12,n38,Directed,167,,,2
n12,n40,Directed,168,,,2
n12,n47,Directed,169,,,2
n12,n48,Directed,170,,,2
n12,n52,Directed,171,,,2
n12,n53,Directed,172,,,2
n12,n55,Directed,173,,,2
n12,n58,Directed,174,,,2
n12,n59,Directed,175,,,2
n12,n60,Directed,176,,,2
n12,n61,Directed,177,,,2
n12,n62,Directed,178,,,2
n12,n64,Directed,179,,,2
n13,n2,Directed,180,,,2
n13,n5,Directed,181,,,2
n13,n14,Directed,182,,,2
n14,n1,Directed,183,,,2
n14,n2,Directed,184,,,2
n14,n4,Directed,185,,,2
n14,n5,Directed,186,,,2
n14,n6,Directed,187,,,2
n14,n9,Directed,188,,,2
n14,n10,Directed,189,,,2
n14,n11,Directed,190,,,2
n14,n12,Directed,191,,,2
n14,n13,Directed,192,,,2
n14,n16,Directed,193,,,2
n14,n17,Directed,194,,,2
n14,n25,Directed,195,,,2
n14,n26,Directed,196,,,2
n14,n36,Directed,197,,,2
n14,n37,Directed,198,,,2
n14,n38,Directed,199,,,2
n14,n39,Directed,200,,,2
n14,n40,Directed,201,,,2
n14,n41,Directed,202,,,2
n14,n42,Directed,203,,,2
n14,n43,Directed,204,,,2
n14,n44,Directed,205,,,2
n14,n45,Directed,206,,,2
n14,n46,Directed,207,,,2
n14,n47,Directed,208,,,2
n14,n49,Directed,209,,,2
n14,n51,Directed,210,,,2
n14,n53,Directed,211,,,2
n14,n58,Directed,212,,,2
n15,n3,Directed,213,,,2
n15,n4,Directed,214,,,2
n15,n5,Directed,215,,,2
n15,n6,Directed,216,,,2
n15,n7,Directed,217,,,2
n15,n8,Directed,218,,,2
n15,n12,Directed,219,,,2
n15,n17,Directed,220,,,2
n15,n19,Directed,221,,,2
n15,n20,Directed,222,,,2
n15,n25,Directed,223,,,2
n15,n26,Directed,224,,,2
n15,n28,Directed,225,,,2
n15,n29,Directed,226,,,2
n15,n32,Directed,227,,,2
n15,n33,Directed,228,,,2
n15,n34,Directed,229,,,2
n15,n35,Directed,230,,,2
n15,n37,Directed,231,,,2
n15,n38,Directed,232,,,2
n15,n39,Directed,233,,,2
n15,n40,Directed,234,,,2
n15,n41,Directed,235,,,2
n15,n43,Directed,236,,,2
n15,n44,Directed,237,,,2
n15,n45,Directed,238,,,2
n15,n46,Directed,239,,,2
n15,n47,Directed,240,,,2
n15,n50,Directed,241,,,2
n15,n51,Directed,242,,,2
n15,n52,Directed,243,,,2
n15,n53,Directed,244,,,2
n15,n59,Directed,245,,,2
n16,n2,Directed,246,,,2
n16,n5,Directed,247,,,2
n16,n12,Directed,248,,,2
n16,n14,Directed,249,,,2
n16,n17,Directed,250,,,2
n16,n59,Directed,251,,,2
n17,n4,Directed,252,,,2
n17,n12,Directed,253,,,2
n17,n15,Directed,254,,,2
n17,n25,Directed,255,,,2
n17,n26,Directed,256,,,2
n17,n47,Directed,257,,,2
n17,n48,Directed,258,,,2
n17,n49,Directed,259,,,2
n17,n50,Directed,260,,,2
n17,n51,Directed,261,,,2
n17,n59,Directed,262,,,2
n18,n19,Directed,263,,,2
n18,n20,Directed,264,,,2
n18,n22,Directed,265,,,2
n18,n23,Directed,266,,,2
n18,n26,Directed,267,,,2
n18,n50,Directed,268,,,2
n18,n51,Directed,269,,,2
n18,n58,Directed,270,,,2
n18,n59,Directed,271,,,2
n19,n18,Directed,272,,,2
n19,n20,Directed,273,,,2
n19,n21,Directed,274,,,2
n19,n22,Directed,275,,,2
n19,n23,Directed,276,,,2
n19,n25,Directed,277,,,2
n19,n26,Directed,278,,,2
n19,n27,Directed,279,,,2
n19,n50,Directed,280,,,2
n19,n51,Directed,281,,,2
n19,n58,Directed,282,,,2
n19,n59,Directed,283,,,2
n20,n18,Directed,284,,,2
n20,n19,Directed,285,,,2
n20,n22,Directed,286,,,2
n20,n23,Directed,287,,,2
n21,n18,Directed,288,,,2
n21,n20,Directed,289,,,2
n21,n22,Directed,290,,,2
n21,n23,Directed,291,,,2
n21,n52,Directed,292,,,2
n21,n53,Directed,293,,,2
n21,n55,Directed,294,,,2
n21,n58,Directed,295,,,2
n21,n59,Directed,296,,,2
n22,n18,Directed,297,,,2
n22,n19,Directed,298,,,2
n22,n20,Directed,299,,,2
n22,n21,Directed,300,,,2
n22,n23,Directed,301,,,2
n22,n26,Directed,302,,,2
n22,n52,Directed,303,,,2
n22,n53,Directed,304,,,2
n22,n55,Directed,305,,,2
n22,n58,Directed,306,,,2
n23,n18,Directed,307,,,2
n23,n20,Directed,308,,,2
n23,n21,Directed,309,,,2
n23,n22,Directed,310,,,2
n23,n26,Directed,311,,,2
n24,n18,Directed,312,,,2
n24,n20,Directed,313,,,2
n24,n22,Directed,314,,,2
n24,n23,Directed,315,,,2
n24,n26,Directed,316,,,2
n25,n2,Directed,317,,,2
n25,n6,Directed,318,,,2
n25,n11,Directed,319,,,2
n25,n12,Directed,320,,,2
n25,n14,Directed,321,,,2
n25,n15,Directed,322,,,2
n25,n16,Directed,323,,,2
n25,n17,Directed,324,,,2
n25,n18,Directed,325,,,2
n25,n19,Directed,326,,,2
n25,n20,Directed,327,,,2
n25,n26,Directed,328,,,2
n25,n33,Directed,329,,,2
n25,n42,Directed,330,,,2
n25,n43,Directed,331,,,2
n25,n44,Directed,332,,,2
n25,n45,Directed,333,,,2
n25,n46,Directed,334,,,2
n25,n47,Directed,335,,,2
n25,n48,Directed,336,,,2
n25,n49,Directed,337,,,2
n25,n52,Directed,338,,,2
n25,n53,Directed,339,,,2
n25,n58,Directed,340,,,2
n25,n59,Directed,341,,,2
n26,n2,Directed,342,,,2
n26,n4,Directed,343,,,2
n26,n6,Directed,344,,,2
n26,n7,Directed,345,,,2
n26,n8,Directed,346,,,2
n26,n9,Directed,347,,,2
n26,n10,Directed,348,,,2
n26,n11,Directed,349,,,2
n26,n12,Directed,350,,,2
n26,n14,Directed,351,,,2
n26,n15,Directed,352,,,2
n26,n18,Directed,353,,,2
n26,n19,Directed,354,,,2
n26,n20,Directed,355,,,2
n26,n22,Directed,356,,,2
n26,n23,Directed,357,,,2
n26,n24,Directed,358,,,2
n26,n25,Directed,359,,,2
n26,n27,Directed,360,,,2
n26,n36,Directed,361,,,2
n26,n37,Directed,362,,,2
n26,n47,Directed,363,,,2
n26,n48,Directed,364,,,2
n26,n49,Directed,365,,,2
n26,n50,Directed,366,,,2
n26,n51,Directed,367,,,2
n26,n52,Directed,368,,,2
n26,n53,Directed,369,,,2
n26,n58,Directed,370,,,2
n26,n59,Directed,371,,,2
n27,n18,Directed,372,,,2
n27,n19,Directed,373,,,2
n27,n22,Directed,374,,,2
n27,n23,Directed,375,,,2
n27,n58,Directed,376,,,2
n27,n59,Directed,377,,,2
n27,n64,Directed,378,,,2
n28,n15,Directed,379,,,2
n28,n29,Directed,380,,,2
n28,n30,Directed,381,,,2
n28,n31,Directed,382,,,2
n28,n32,Directed,383,,,2
n28,n34,Directed,384,,,2
n28,n35,Directed,385,,,2
n28,n38,Directed,386,,,2
n28,n58,Directed,387,,,2
n28,n59,Directed,388,,,2
n29,n15,Directed,389,,,2
n29,n28,Directed,390,,,2
n29,n30,Directed,391,,,2
n29,n31,Directed,392,,,2
n29,n32,Directed,393,,,2
n29,n33,Directed,394,,,2
n29,n34,Directed,395,,,2
n29,n35,Directed,396,,,2
n29,n38,Directed,397,,,2
n29,n44,Directed,398,,,2
n29,n45,Directed,399,,,2
n29,n58,Directed,400,,,2
n29,n59,Directed,401,,,2
n30,n28,Directed,402,,,2
n30,n29,Directed,403,,,2
n30,n31,Directed,404,,,2
n30,n32,Directed,405,,,2
n30,n34,Directed,406,,,2
n30,n35,Directed,407,,,2
n30,n58,Directed,408,,,2
n30,n59,Directed,409,,,2
n31,n28,Directed,410,,,2
n31,n29,Directed,411,,,2
n31,n30,Directed,412,,,2
n31,n32,Directed,413,,,2
n31,n34,Directed,414,,,2
n31,n35,Directed,415,,,2
n31,n58,Directed,416,,,2
n31,n59,Directed,417,,,2
n32,n28,Directed,418,,,2
n32,n29,Directed,419,,,2
n32,n30,Directed,420,,,2
n32,n31,Directed,421,,,2
n32,n34,Directed,422,,,2
n32,n35,Directed,423,,,2
n32,n38,Directed,424,,,2
n32,n39,Directed,425,,,2
n32,n40,Directed,426,,,2
n32,n41,Directed,427,,,2
n32,n45,Directed,428,,,2
n32,n50,Directed,429,,,2
n32,n51,Directed,430,,,2
n32,n58,Directed,431,,,2
n32,n59,Directed,432,,,2
n32,n64,Directed,433,,,2
n33,n15,Directed,434,,,2
n33,n25,Directed,435,,,2
n33,n32,Directed,436,,,2
n33,n36,Directed,437,,,2
n33,n37,Directed,438,,,2
n33,n38,Directed,439,,,2
n33,n39,Directed,440,,,2
n33,n40,Directed,441,,,2
n33,n41,Directed,442,,,2
n33,n43,Directed,443,,,2
n33,n44,Directed,444,,,2
n33,n45,Directed,445,,,2
n33,n50,Directed,446,,,2
n33,n51,Directed,447,,,2
n33,n58,Directed,448,,,2
n33,n59,Directed,449,,,2
n33,n64,Directed,450,,,2
n34,n5,Directed,451,,,2
n34,n14,Directed,452,,,2
n34,n15,Directed,453,,,2
n34,n25,Directed,454,,,2
n34,n28,Directed,455,,,2
n34,n29,Directed,456,,,2
n34,n30,Directed,457,,,2
n34,n31,Directed,458,,,2
n34,n32,Directed,459,,,2
n34,n33,Directed,460,,,2
n34,n35,Directed,461,,,2
n34,n37,Directed,462,,,2
n34,n39,Directed,463,,,2
n34,n40,Directed,464,,,2
n34,n41,Directed,465,,,2
n34,n42,Directed,466,,,2
n34,n43,Directed,467,,,2
n34,n44,Directed,468,,,2
n34,n45,Directed,469,,,2
n34,n51,Directed,470,,,2
n34,n64,Directed,471,,,2
n35,n5,Directed,472,,,2
n35,n15,Directed,473,,,2
n35,n25,Directed,474,,,2
n35,n28,Directed,475,,,2
n35,n29,Directed,476,,,2
n35,n30,Directed,477,,,2
n35,n31,Directed,478,,,2
n35,n32,Directed,479,,,2
n35,n33,Directed,480,,,2
n35,n34,Directed,481,,,2
n35,n39,Directed,482,,,2
n35,n40,Directed,483,,,2
n35,n41,Directed,484,,,2
n35,n42,Directed,485,,,2
n35,n43,Directed,486,,,2
n35,n44,Directed,487,,,2
n35,n45,Directed,488,,,2
n35,n51,Directed,489,,,2
n35,n64,Directed,490,,,2
n36,n2,Directed,491,,,2
n36,n3,Directed,492,,,2
n36,n4,Directed,493,,,2
n36,n14,Directed,494,,,2
n36,n15,Directed,495,,,2
n36,n25,Directed,496,,,2
n36,n28,Directed,497,,,2
n36,n29,Directed,498,,,2
n36,n30,Directed,499,,,2
n36,n31,Directed,500,,,2
n36,n32,Directed,501,,,2
n36,n33,Directed,502,,,2
n36,n34,Directed,503,,,2
n36,n35,Directed,504,,,2
n36,n37,Directed,505,,,2
n36,n40,Directed,506,,,2
n36,n41,Directed,507,,,2
n36,n42,Directed,508,,,2
n36,n43,Directed,509,,,2
n36,n44,Directed,510,,,2
n36,n45,Directed,511,,,2
n36,n51,Directed,512,,,2
n36,n64,Directed,513,,,2
n37,n4,Directed,514,,,2
n37,n5,Directed,515,,,2
n37,n6,Directed,516,,,2
n37,n11,Directed,517,,,2
n37,n12,Directed,518,,,2
n37,n14,Directed,519,,,2
n37,n15,Directed,520,,,2
n37,n26,Directed,521,,,2
n37,n30,Directed,522,,,2
n37,n31,Directed,523,,,2
n37,n32,Directed,524,,,2
n37,n33,Directed,525,,,2
n37,n34,Directed,526,,,2
n37,n36,Directed,527,,,2
n37,n38,Directed,528,,,2
n37,n39,Directed,529,,,2
n37,n40,Directed,530,,,2
n37,n41,Directed,531,,,2
n37,n42,Directed,532,,,2
n37,n43,Directed,533,,,2
n37,n44,Directed,534,,,2
n37,n50,Directed,535,,,2
n37,n51,Directed,536,,,2
n37,n52,Directed,537,,,2
n37,n53,Directed,538,,,2
n37,n56,Directed,539,,,2
n37,n58,Directed,540,,,2
n37,n59,Directed,541,,,2
n37,n62,Directed,542,,,2
n37,n64,Directed,543,,,2
n38,n15,Directed,544,,,2
n38,n32,Directed,545,,,2
n38,n33,Directed,546,,,2
n38,n53,Directed,547,,,2
n39,n5,Directed,548,,,2
n39,n14,Directed,549,,,2
n39,n15,Directed,550,,,2
n39,n28,Directed,551,,,2
n39,n29,Directed,552,,,2
n39,n30,Directed,553,,,2
n39,n31,Directed,554,,,2
n39,n32,Directed,555,,,2
n39,n33,Directed,556,,,2
n39,n34,Directed,557,,,2
n39,n35,Directed,558,,,2
n39,n37,Directed,559,,,2
n39,n40,Directed,560,,,2
n39,n41,Directed,561,,,2
n39,n43,Directed,562,,,2
n39,n44,Directed,563,,,2
n39,n45,Directed,564,,,2
n39,n50,Directed,565,,,2
n39,n51,Directed,566,,,2
n39,n52,Directed,567,,,2
n39,n54,Directed,568,,,2
n40,n2,Directed,569,,,2
n40,n5,Directed,570,,,2
n40,n9,Directed,571,,,2
n40,n10,Directed,572,,,2
n40,n11,Directed,573,,,2
n40,n12,Directed,574,,,2
n40,n14,Directed,575,,,2
n40,n15,Directed,576,,,2
n40,n16,Directed,577,,,2
n40,n25,Directed,578,,,2
n40,n28,Directed,579,,,2
n40,n29,Directed,580,,,2
n40,n30,Directed,581,,,2
n40,n31,Directed,582,,,2
n40,n32,Directed,583,,,2
n40,n33,Directed,584,,,2
n40,n34,Directed,585,,,2
n40,n35,Directed,586,,,2
n40,n36,Directed,587,,,2
n40,n37,Directed,588,,,2
n40,n39,Directed,589,,,2
n40,n41,Directed,590,,,2
n40,n42,Directed,591,,,2
n40,n43,Directed,592,,,2
n40,n44,Directed,593,,,2
n40,n45,Directed,594,,,2
n40,n47,Directed,595,,,2
n40,n50,Directed,596,,,2
n40,n51,Directed,597,,,2
n40,n52,Directed,598,,,2
n40,n54,Directed,599,,,2
n41,n2,Directed,600,,,2
n41,n5,Directed,601,,,2
n41,n14,Directed,602,,,2
n41,n15,Directed,603,,,2
n41,n29,Directed,604,,,2
n41,n30,Directed,605,,,2
n41,n32,Directed,606,,,2
n41,n33,Directed,607,,,2
n41,n34,Directed,608,,,2
n41,n35,Directed,609,,,2
n41,n36,Directed,610,,,2
n41,n37,Directed,611,,,2
n41,n39,Directed,612,,,2
n41,n40,Directed,613,,,2
n41,n42,Directed,614,,,2
n41,n43,Directed,615,,,2
n41,n44,Directed,616,,,2
n41,n45,Directed,617,,,2
n41,n50,Directed,618,,,2
n41,n51,Directed,619,,,2
n41,n52,Directed,620,,,2
n41,n54,Directed,621,,,2
n41,n58,Directed,622,,,2
n41,n59,Directed,623,,,2
n42,n1,Directed,624,,,2
n42,n2,Directed,625,,,2
n42,n3,Directed,626,,,2
n42,n4,Directed,627,,,2
n42,n5,Directed,628,,,2
n42,n6,Directed,629,,,2
n42,n9,Directed,630,,,2
n42,n10,Directed,631,,,2
n42,n14,Directed,632,,,2
n42,n16,Directed,633,,,2
n42,n25,Directed,634,,,2
n42,n29,Directed,635,,,2
n42,n31,Directed,636,,,2
n42,n34,Directed,637,,,2
n42,n35,Directed,638,,,2
n42,n36,Directed,639,,,2
n42,n37,Directed,640,,,2
n42,n40,Directed,641,,,2
n42,n41,Directed,642,,,2
n42,n44,Directed,643,,,2
n42,n45,Directed,644,,,2
n42,n47,Directed,645,,,2
n42,n50,Directed,646,,,2
n42,n51,Directed,647,,,2
n42,n52,Directed,648,,,2
n42,n54,Directed,649,,,2
n43,n5,Directed,650,,,2
n43,n6,Directed,651,,,2
n43,n14,Directed,652,,,2
n43,n15,Directed,653,,,2
n43,n16,Directed,654,,,2
n43,n25,Directed,655,,,2
n43,n29,Directed,656,,,2
n43,n30,Directed,657,,,2
n43,n31,Directed,658,,,2
n43,n32,Directed,659,,,2
n43,n33,Directed,660,,,2
n43,n34,Directed,661,,,2
n43,n35,Directed,662,,,2
n43,n36,Directed,663,,,2
n43,n37,Directed,664,,,2
n43,n39,Directed,665,,,2
n43,n40,Directed,666,,,2
n43,n41,Directed,667,,,2
n43,n42,Directed,668,,,2
n43,n44,Directed,669,,,2
n43,n45,Directed,670,,,2
n43,n50,Directed,671,,,2
n43,n51,Directed,672,,,2
n43,n52,Directed,673,,,2
n43,n54,Directed,674,,,2
n44,n14,Directed,675,,,2
n44,n15,Directed,676,,,2
n44,n16,Directed,677,,,2
n44,n25,Directed,678,,,2
n44,n28,Directed,679,,,2
n44,n29,Directed,680,,,2
n44,n30,Directed,681,,,2
n44,n31,Directed,682,,,2
n44,n33,Directed,683,,,2
n44,n34,Directed,684,,,2
n44,n35,Directed,685,,,2
n44,n36,Directed,686,,,2
n44,n37,Directed,687,,,2
n44,n39,Directed,688,,,2
n44,n40,Directed,689,,,2
n44,n41,Directed,690,,,2
n44,n42,Directed,691,,,2
n44,n43,Directed,692,,,2
n44,n45,Directed,693,,,2
n44,n50,Directed,694,,,2
n44,n51,Directed,695,,,2
n44,n52,Directed,696,,,2
n44,n54,Directed,697,,,2
n45,n5,Directed,698,,,2
n45,n14,Directed,699,,,2
n45,n15,Directed,700,,,2
n45,n25,Directed,701,,,2
n45,n28,Directed,702,,,2
n45,n29,Directed,703,,,2
n45,n30,Directed,704,,,2
n45,n31,Directed,705,,,2
n45,n32,Directed,706,,,2
n45,n33,Directed,707,,,2
n45,n34,Directed,708,,,2
n45,n35,Directed,709,,,2
n45,n36,Directed,710,,,2
n45,n39,Directed,711,,,2
n45,n41,Directed,712,,,2
n45,n42,Directed,713,,,2
n45,n43,Directed,714,,,2
n45,n44,Directed,715,,,2
n45,n50,Directed,716,,,2
n45,n51,Directed,717,,,2
n45,n52,Directed,718,,,2
n45,n54,Directed,719,,,2
n46,n14,Directed,720,,,2
n46,n15,Directed,721,,,2
n46,n19,Directed,722,,,2
n46,n25,Directed,723,,,2
n46,n27,Directed,724,,,2
n46,n36,Directed,725,,,2
n46,n37,Directed,726,,,2
n46,n47,Directed,727,,,2
n46,n48,Directed,728,,,2
n46,n49,Directed,729,,,2
n46,n50,Directed,730,,,2
n46,n51,Directed,731,,,2
n46,n52,Directed,732,,,2
n46,n53,Directed,733,,,2
n46,n54,Directed,734,,,2
n46,n55,Directed,735,,,2
n46,n56,Directed,736,,,2
n46,n57,Directed,737,,,2
n46,n58,Directed,738,,,2
n46,n59,Directed,739,,,2
n46,n60,Directed,740,,,2
n46,n61,Directed,741,,,2
n46,n62,Directed,742,,,2
n46,n64,Directed,743,,,2
n47,n4,Directed,744,,,2
n47,n6,Directed,745,,,2
n47,n11,Directed,746,,,2
n47,n12,Directed,747,,,2
n47,n14,Directed,748,,,2
n47,n15,Directed,749,,,2
n47,n17,Directed,750,,,2
n47,n19,Directed,751,,,2
n47,n25,Directed,752,,,2
n47,n26,Directed,753,,,2
n47,n27,Directed,754,,,2
n47,n33,Directed,755,,,2
n47,n36,Directed,756,,,2
n47,n37,Directed,757,,,2
n47,n40,Directed,758,,,2
n47,n42,Directed,759,,,2
n47,n46,Directed,760,,,2
n47,n48,Directed,761,,,2
n47,n49,Directed,762,,,2
n47,n50,Directed,763,,,2
n47,n51,Directed,764,,,2
n47,n52,Directed,765,,,2
n47,n53,Directed,766,,,2
n47,n54,Directed,767,,,2
n47,n55,Directed,768,,,2
n47,n56,Directed,769,,,2
n47,n57,Directed,770,,,2
n47,n58,Directed,771,,,2
n47,n59,Directed,772,,,2
n47,n61,Directed,773,,,2
n47,n64,Directed,774,,,2
n48,n11,Directed,775,,,2
n48,n12,Directed,776,,,2
n48,n17,Directed,777,,,2
n48,n19,Directed,778,,,2
n48,n25,Directed,779,,,2
n48,n27,Directed,780,,,2
n48,n33,Directed,781,,,2
n48,n36,Directed,782,,,2
n48,n46,Directed,783,,,2
n48,n47,Directed,784,,,2
n48,n49,Directed,785,,,2
n48,n50,Directed,786,,,2
n48,n51,Directed,787,,,2
n48,n52,Directed,788,,,2
n48,n53,Directed,789,,,2
n48,n54,Directed,790,,,2
n48,n55,Directed,791,,,2
n48,n56,Directed,792,,,2
n48,n57,Directed,793,,,2
n48,n58,Directed,794,,,2
n48,n59,Directed,795,,,2
n48,n60,Directed,796,,,2
n48,n61,Directed,797,,,2
n48,n62,Directed,798,,,2
n48,n64,Directed,799,,,2
n49,n4,Directed,800,,,2
n49,n6,Directed,801,,,2
n49,n14,Directed,802,,,2
n49,n17,Directed,803,,,2
n49,n19,Directed,804,,,2
n49,n25,Directed,805,,,2
n49,n26,Directed,806,,,2
n49,n33,Directed,807,,,2
n49,n36,Directed,808,,,2
n49,n37,Directed,809,,,2
n49,n46,Directed,810,,,2
n49,n47,Directed,811,,,2
n49,n48,Directed,812,,,2
n49,n50,Directed,813,,,2
n49,n51,Directed,814,,,2
n49,n52,Directed,815,,,2
n49,n53,Directed,816,,,2
n49,n54,Directed,817,,,2
n49,n55,Directed,818,,,2
n49,n56,Directed,819,,,2
n49,n57,Directed,820,,,2
n49,n58,Directed,821,,,2
n49,n59,Directed,822,,,2
n49,n60,Directed,823,,,2
n49,n62,Directed,824,,,2
n49,n64,Directed,825,,,2
n50,n3,Directed,826,,,2
n50,n4,Directed,827,,,2
n50,n8,Directed,828,,,2
n50,n11,Directed,829,,,2
n50,n12,Directed,830,,,2
n50,n14,Directed,831,,,2
n50,n15,Directed,832,,,2
n50,n19,Directed,833,,,2
n50,n26,Directed,834,,,2
n50,n27,Directed,835,,,2
n50,n31,Directed,836,,,2
n50,n32,Directed,837,,,2
n50,n33,Directed,838,,,2
n50,n37,Directed,839,,,2
n50,n38,Directed,840,,,2
n50,n39,Directed,841,,,2
n50,n40,Directed,842,,,2
n50,n41,Directed,843,,,2
n50,n42,Directed,844,,,2
n50,n43,Directed,845,,,2
n50,n44,Directed,846,,,2
n50,n45,Directed,847,,,2
n50,n46,Directed,848,,,2
n50,n47,Directed,849,,,2
n50,n48,Directed,850,,,2
n50,n49,Directed,851,,,2
n50,n52,Directed,852,,,2
n50,n53,Directed,853,,,2
n50,n54,Directed,854,,,2
n50,n56,Directed,855,,,2
n50,n57,Directed,856,,,2
n50,n58,Directed,857,,,2
n50,n59,Directed,858,,,2
n50,n61,Directed,859,,,2
n50,n64,Directed,860,,,2
n51,n3,Directed,861,,,2
n51,n4,Directed,862,,,2
n51,n6,Directed,863,,,2
n51,n8,Directed,864,,,2
n51,n11,Directed,865,,,2
n51,n12,Directed,866,,,2
n51,n14,Directed,867,,,2
n51,n15,Directed,868,,,2
n51,n17,Directed,869,,,2
n51,n19,Directed,870,,,2
n51,n26,Directed,871,,,2
n51,n27,Directed,872,,,2
n51,n31,Directed,873,,,2
n51,n32,Directed,874,,,2
n51,n33,Directed,875,,,2
n51,n37,Directed,876,,,2
n51,n38,Directed,877,,,2
n51,n46,Directed,878,,,2
n51,n47,Directed,879,,,2
n51,n48,Directed,880,,,2
n51,n49,Directed,881,,,2
n51,n52,Directed,882,,,2
n51,n53,Directed,883,,,2
n51,n54,Directed,884,,,2
n51,n58,Directed,885,,,2
n51,n59,Directed,886,,,2
n51,n61,Directed,887,,,2
n51,n64,Directed,888,,,2
n52,n3,Directed,889,,,2
n52,n4,Directed,890,,,2
n52,n5,Directed,891,,,2
n52,n6,Directed,892,,,2
n52,n7,Directed,893,,,2
n52,n8,Directed,894,,,2
n52,n12,Directed,895,,,2
n52,n14,Directed,896,,,2
n52,n15,Directed,897,,,2
n52,n16,Directed,898,,,2
n52,n17,Directed,899,,,2
n52,n21,Directed,900,,,2
n52,n22,Directed,901,,,2
n52,n25,Directed,902,,,2
n52,n26,Directed,903,,,2
n52,n33,Directed,904,,,2
n52,n34,Directed,905,,,2
n52,n35,Directed,906,,,2
n52,n36,Directed,907,,,2
n52,n37,Directed,908,,,2
n52,n39,Directed,909,,,2
n52,n40,Directed,910,,,2
n52,n41,Directed,911,,,2
n52,n42,Directed,912,,,2
n52,n43,Directed,913,,,2
n52,n44,Directed,914,,,2
n52,n45,Directed,915,,,2
n52,n46,Directed,916,,,2
n52,n47,Directed,917,,,2
n52,n48,Directed,918,,,2
n52,n49,Directed,919,,,2
n52,n50,Directed,920,,,2
n52,n51,Directed,921,,,2
n52,n53,Directed,922,,,2
n52,n54,Directed,923,,,2
n52,n55,Directed,924,,,2
n52,n56,Directed,925,,,2
n52,n57,Directed,926,,,2
n52,n58,Directed,927,,,2
n52,n59,Directed,928,,,2
n52,n60,Directed,929,,,2
n52,n61,Directed,930,,,2
n52,n62,Directed,931,,,2
n52,n64,Directed,932,,,2
n53,n11,Directed,933,,,2
n53,n12,Directed,934,,,2
n53,n14,Directed,935,,,2
n53,n15,Directed,936,,,2
n53,n16,Directed,937,,,2
n53,n21,Directed,938,,,2
n53,n22,Directed,939,,,2
n53,n23,Directed,940,,,2
n53,n25,Directed,941,,,2
n53,n26,Directed,942,,,2
n53,n37,Directed,943,,,2
n53,n38,Directed,944,,,2
n53,n46,Directed,945,,,2
n53,n47,Directed,946,,,2
n53,n48,Directed,947,,,2
n53,n49,Directed,948,,,2
n53,n50,Directed,949,,,2
n53,n51,Directed,950,,,2
n53,n54,Directed,951,,,2
n53,n55,Directed,952,,,2
n53,n56,Directed,953,,,2
n53,n57,Directed,954,,,2
n53,n58,Directed,955,,,2
n53,n59,Directed,956,,,2
n53,n60,Directed,957,,,2
n53,n62,Directed,958,,,2
n54,n5,Directed,959,,,2
n54,n12,Directed,960,,,2
n54,n14,Directed,961,,,2
n54,n16,Directed,962,,,2
n54,n17,Directed,963,,,2
n54,n25,Directed,964,,,2
n54,n26,Directed,965,,,2
n54,n33,Directed,966,,,2
n54,n34,Directed,967,,,2
n54,n35,Directed,968,,,2
n54,n36,Directed,969,,,2
n54,n37,Directed,970,,,2
n54,n39,Directed,971,,,2
n54,n40,Directed,972,,,2
n54,n41,Directed,973,,,2
n54,n42,Directed,974,,,2
n54,n43,Directed,975,,,2
n54,n44,Directed,976,,,2
n54,n45,Directed,977,,,2
n54,n46,Directed,978,,,2
n54,n47,Directed,979,,,2
n54,n48,Directed,980,,,2
n54,n49,Directed,981,,,2
n54,n50,Directed,982,,,2
n54,n51,Directed,983,,,2
n54,n52,Directed,984,,,2
n54,n53,Directed,985,,,2
n54,n55,Directed,986,,,2
n54,n56,Directed,987,,,2
n54,n57,Directed,988,,,2
n54,n58,Directed,989,,,2
n54,n59,Directed,990,,,2
n54,n60,Directed,991,,,2
n54,n61,Directed,992,,,2
n54,n62,Directed,993,,,2
n54,n64,Directed,994,,,2
n55,n11,Directed,995,,,2
n55,n12,Directed,996,,,2
n55,n14,Directed,997,,,2
n55,n21,Directed,998,,,2
n55,n22,Directed,999,,,2
n55,n46,Directed,1000,,,2
n55,n47,Directed,1001,,,2
n55,n48,Directed,1002,,,2
n55,n49,Directed,1003,,,2
n55,n52,Directed,1004,,,2
n55,n53,Directed,1005,,,2
n55,n54,Directed,1006,,,2
n55,n58,Directed,1007,,,2
n55,n59,Directed,1008,,,2
n55,n61,Directed,1009,,,2
n55,n62,Directed,1010,,,2
n56,n27,Directed,1011,,,2
n56,n36,Directed,1012,,,2
n56,n37,Directed,1013,,,2
n56,n47,Directed,1014,,,2
n56,n49,Directed,1015,,,2
n56,n50,Directed,1016,,,2
n56,n51,Directed,1017,,,2
n56,n52,Directed,1018,,,2
n56,n53,Directed,1019,,,2
n56,n54,Directed,1020,,,2
n56,n55,Directed,1021,,,2
n56,n57,Directed,1022,,,2
n56,n58,Directed,1023,,,2
n56,n59,Directed,1024,,,2
n56,n60,Directed,1025,,,2
n56,n61,Directed,1026,,,2
n56,n62,Directed,1027,,,2
n56,n64,Directed,1028,,,2
n57,n37,Directed,1029,,,2
n57,n48,Directed,1030,,,2
n57,n49,Directed,1031,,,2
n57,n50,Directed,1032,,,2
n57,n51,Directed,1033,,,2
n57,n54,Directed,1034,,,2
n57,n56,Directed,1035,,,2
n57,n58,Directed,1036,,,2
n57,n59,Directed,1037,,,2
n57,n60,Directed,1038,,,2
n57,n61,Directed,1039,,,2
n57,n62,Directed,1040,,,2
n57,n64,Directed,1041,,,2
n58,n3,Directed,1042,,,2
n58,n4,Directed,1043,,,2
n58,n9,Directed,1044,,,2
n58,n10,Directed,1045,,,2
n58,n11,Directed,1046,,,2
n58,n12,Directed,1047,,,2
n58,n14,Directed,1048,,,2
n58,n15,Directed,1049,,,2
n58,n17,Directed,1050,,,2
n58,n18,Directed,1051,,,2
n58,n19,Directed,1052,,,2
n58,n21,Directed,1053,,,2
n58,n22,Directed,1054,,,2
n58,n26,Directed,1055,,,2
n58,n27,Directed,1056,,,2
n58,n32,Directed,1057,,,2
n58,n33,Directed,1058,,,2
n58,n35,Directed,1059,,,2
n58,n37,Directed,1060,,,2
n58,n50,Directed,1061,,,2
n58,n51,Directed,1062,,,2
n58,n52,Directed,1063,,,2
n58,n55,Directed,1064,,,2
n58,n56,Directed,1065,,,2
n58,n57,Directed,1066,,,2
n58,n59,Directed,1067,,,2
n58,n60,Directed,1068,,,2
n58,n62,Directed,1069,,,2
n58,n63,Directed,1070,,,2
n58,n64,Directed,1071,,,2
n59,n9,Directed,1072,,,2
n59,n10,Directed,1073,,,2
n59,n11,Directed,1074,,,2
n59,n12,Directed,1075,,,2
n59,n15,Directed,1076,,,2
n59,n17,Directed,1077,,,2
n59,n19,Directed,1078,,,2
n59,n20,Directed,1079,,,2
n59,n21,Directed,1080,,,2
n59,n23,Directed,1081,,,2
n59,n26,Directed,1082,,,2
n59,n27,Directed,1083,,,2
n59,n32,Directed,1084,,,2
n59,n33,Directed,1085,,,2
n59,n35,Directed,1086,,,2
n59,n37,Directed,1087,,,2
n59,n50,Directed,1088,,,2
n59,n51,Directed,1089,,,2
n59,n52,Directed,1090,,,2
n59,n55,Directed,1091,,,2
n59,n56,Directed,1092,,,2
n59,n57,Directed,1093,,,2
n59,n58,Directed,1094,,,2
n59,n60,Directed,1095,,,2
n59,n62,Directed,1096,,,2
n59,n64,Directed,1097,,,2
n60,n52,Directed,1098,,,2
n60,n53,Directed,1099,,,2
n60,n58,Directed,1100,,,2
n60,n59,Directed,1101,,,2
n60,n61,Directed,1102,,,2
n60,n62,Directed,1103,,,2
n60,n64,Directed,1104,,,2
n61,n56,Directed,1105,,,2
n61,n57,Directed,1106,,,2
n61,n58,Directed,1107,,,2
n61,n62,Directed,1108,,,2
n61,n63,Directed,1109,,,2
n61,n64,Directed,1110,,,2
n62,n35,Directed,1111,,,2
n62,n37,Directed,1112,,,2
n62,n48,Directed,1113,,,2
n62,n49,Directed,1114,,,2
n62,n50,Directed,1115,,,2
n62,n51,Directed,1116,,,2
n62,n52,Directed,1117,,,2
n62,n55,Directed,1118,,,2
n62,n56,Directed,1119,,,2
n62,n57,Directed,1120,,,2
n62,n58,Directed,1121,,,2
n62,n59,Directed,1122,,,2
n62,n60,Directed,1123,,,2
n62,n61,Directed,1124,,,2
n62,n63,Directed,1125,,,2
n62,n64,Directed,1126,,,2
n63,n58,Directed,1127,,,2
n63,n62,Directed,1128,,,2
n64,n15,Directed,1129,,,2
n64,n50,Directed,1130,,,2
n64,n51,Directed,1131,,,2
n64,n56,Directed,1132,,,2
n64,n57,Directed,1133,,,2
n64,n58,Directed,1134,,,2
n64,n59,Directed,1135,,,2
n64,n60,Directed,1136,,,2
n64,n62,Directed,1137,,,2
n64,n63,Directed,1138,,,2
